,training_error,testing_error
1,0.302,0.2967032967032967
2,0.302,0.2967032967032967
3,0.295,0.3131868131868132
4,0.272,0.3392857142857143
5,0.195,0.25961538461538464
6,0.153,0.25961538461538464
